{"training": {"loss-values": [0.9423719889977399, 0.2960810933042975, 0.1284891725243891, 0.07861392797135255, 0.05279549501617165, 0.04120514361078248, 0.03053717315196991, 0.02540246884831611, 0.023643089389866766, 0.015022399335387437, 0.013859752449207008, 0.014399002408882713, 0.010864265749285765, 0.010401954210144193, 0.010198527433471206, 0.009273231255493182, 0.008810182170504156, 0.008005353837849243, 0.007858537729856941, 0.008394987726419726, 0.007331049932605203, 0.006847027987104785, 0.0063623066525906324, 0.0064090339823023364, 0.006268263924592996], "validation-loss": [0.48477982878685, 0.20692121336857477, 0.14022004616757233, 0.11575558216621479, 0.12327934379378955, 0.11210246607661248, 0.1170662362438937, 0.10690849336485068, 0.1064952353015542, 0.10607885333398978, 0.11070036577681701, 0.11060909405350686, 0.10960977785289287, 0.11334906881675125, 0.1234568612029155, 0.11557439118623733, 0.11644916608929634, 0.11703472559650739, 0.12207597022255262, 0.1205080563823382, 0.12001647415260473, 0.12142804538210233, 0.12221988923847675, 0.12229196292658646, 0.12218944181998571, 0.5787165582180023], "validation-accuracy": [0.8560485157995531, 0.947015639961698, 0.9604213214171721, 0.965847430577721, 0.964251516118736, 0.9679221193744015, 0.9708745611235238, 0.9707149696776253, 0.9713533354612193, 0.9733482285349505, 0.9742259814873923, 0.9742259814873923, 0.9737472071496968, 0.9750239387168848, 0.9717523140759655, 0.974146185764443, 0.97446536865624, 0.9747047558250878, 0.9727896584743058, 0.9739067985955953, 0.9727896584743058, 0.9735876157037983, 0.973507819980849, 0.9734280242578998, 0.9735876157037983, 0.8807327358987875], "validation-f1": [0.8629560141755265, 0.9467395015363604, 0.959196807825975, 0.9653752091646287, 0.9638771824202288, 0.9690491521785791, 0.9707522085942191, 0.9700624596166272, 0.9711827956989247, 0.9734490462278742, 0.9741535280434221, 0.9741779996557066, 0.9742994670792504, 0.9750139766911796, 0.9719248462960574, 0.9742157284056725, 0.9743788152351474, 0.9750139766911796, 0.9726710209694053, 0.974394284976546, 0.9728218801066483, 0.9736446106883356, 0.9738165871275635, 0.9736423442404438, 0.9738562091503268, 0.8904955777060227], "classification_report": "            precision    recall  f1-score   support\n\nNamaProduk       0.99      0.99      0.99      9732\n     Merek       0.97      0.97      0.97       191\nPenggunaan       0.97      0.98      0.97       226\n    Ukuran       0.88      0.82      0.85       369\n    Varian       0.90      0.93      0.92      1066\n   Tekstur       0.83      0.88      0.86        34\n       PAD       0.67      1.00      0.80         4\n\n micro avg       0.97      0.97      0.97     11622\n macro avg       0.97      0.97      0.97     11622\n"}, "testing": {"loss-values": [0.9423719889977399, 0.2960810933042975, 0.1284891725243891, 0.07861392797135255, 0.05279549501617165, 0.04120514361078248, 0.03053717315196991, 0.02540246884831611, 0.023643089389866766, 0.015022399335387437, 0.013859752449207008, 0.014399002408882713, 0.010864265749285765, 0.010401954210144193, 0.010198527433471206, 0.009273231255493182, 0.008810182170504156, 0.008005353837849243, 0.007858537729856941, 0.008394987726419726, 0.007331049932605203, 0.006847027987104785, 0.0063623066525906324, 0.0064090339823023364, 0.006268263924592996], "validation-loss": [0.48477982878685, 0.20692121336857477, 0.14022004616757233, 0.11575558216621479, 0.12327934379378955, 0.11210246607661248, 0.1170662362438937, 0.10690849336485068, 0.1064952353015542, 0.10607885333398978, 0.11070036577681701, 0.11060909405350686, 0.10960977785289287, 0.11334906881675125, 0.1234568612029155, 0.11557439118623733, 0.11644916608929634, 0.11703472559650739, 0.12207597022255262, 0.1205080563823382, 0.12001647415260473, 0.12142804538210233, 0.12221988923847675, 0.12229196292658646, 0.12218944181998571, 0.5787165582180023], "validation-accuracy": [0.8560485157995531, 0.947015639961698, 0.9604213214171721, 0.965847430577721, 0.964251516118736, 0.9679221193744015, 0.9708745611235238, 0.9707149696776253, 0.9713533354612193, 0.9733482285349505, 0.9742259814873923, 0.9742259814873923, 0.9737472071496968, 0.9750239387168848, 0.9717523140759655, 0.974146185764443, 0.97446536865624, 0.9747047558250878, 0.9727896584743058, 0.9739067985955953, 0.9727896584743058, 0.9735876157037983, 0.973507819980849, 0.9734280242578998, 0.9735876157037983, 0.8807327358987875], "validation-f1": [0.8629560141755265, 0.9467395015363604, 0.959196807825975, 0.9653752091646287, 0.9638771824202288, 0.9690491521785791, 0.9707522085942191, 0.9700624596166272, 0.9711827956989247, 0.9734490462278742, 0.9741535280434221, 0.9741779996557066, 0.9742994670792504, 0.9750139766911796, 0.9719248462960574, 0.9742157284056725, 0.9743788152351474, 0.9750139766911796, 0.9726710209694053, 0.974394284976546, 0.9728218801066483, 0.9736446106883356, 0.9738165871275635, 0.9736423442404438, 0.9738562091503268, 0.8904955777060227], "classification_report": "            precision    recall  f1-score   support\n\nPenggunaan       0.92      0.65      0.76        74\nNamaProduk       0.93      0.93      0.93      5770\n    Varian       0.76      0.86      0.81       923\n   Tekstur       0.26      0.62      0.37         8\n    Ukuran       0.70      0.48      0.57       238\n     Merek       0.70      0.11      0.18       151\n\n micro avg       0.90      0.89      0.89      7164\n macro avg       0.89      0.89      0.88      7164\n"}}