{"training": {"loss-values": [0.7133743885685416, 0.19099720939993858, 0.09706832895822384, 0.06454200713950045, 0.046902934719315344, 0.03429783491746468, 0.02678950736299157, 0.022425537333166337, 0.015623322297709392, 0.014567485003841711, 0.013025415133383563, 0.009084094271255547, 0.008886763387743165, 0.008014763828695697, 0.007430986080126946, 0.006956318458405268, 0.006319200147545952, 0.005323578990475439, 0.005379309263148838, 0.005148571679669926, 0.004838096933192848, 0.004738370882799192, 0.004173185700304149, 0.005004429804530981, 0.004069102666107938], "validation-loss": [0.27320186495780946, 0.13000021825234095, 0.10304229160149893, 0.10607153760890166, 0.11203048005700111, 0.09706570326040188, 0.10197035830157498, 0.10837040928502878, 0.11035501211881638, 0.11757600369552772, 0.11523568872362375, 0.12350408708055814, 0.12393952800581852, 0.13281749449670316, 0.13135367818176746, 0.1302313414712747, 0.13433287863930066, 0.12750721195091805, 0.12959682283302149, 0.13112794843812783, 0.1326676291724046, 0.1336594119668007, 0.13527572477857272, 0.13473224602639675, 0.13496521984537443, 0.5026264011859893], "validation-accuracy": [0.9327322055537823, 0.9620172358761571, 0.9697574210022343, 0.9753431216086818, 0.973507819980849, 0.9764602617299712, 0.9778965847430577, 0.977018831790616, 0.9774976061283115, 0.9763006702840727, 0.9764602617299712, 0.9750239387168848, 0.9771784232365145, 0.9767794446217682, 0.977018831790616, 0.9769390360676667, 0.9768592403447175, 0.9774178104053622, 0.97765719757421, 0.9772582189594637, 0.9768592403447175, 0.9769390360676667, 0.977018831790616, 0.9770986275135652, 0.9771784232365145, 0.9020822351080654], "validation-f1": [0.9312572186336998, 0.9600582840490272, 0.969187675070028, 0.9747069180229313, 0.9726681874919296, 0.9759010266764037, 0.9786629957842209, 0.9765342960288809, 0.9781944862586556, 0.9758823782296547, 0.9758321149049625, 0.9756244616709733, 0.9769902369790547, 0.9772805507745267, 0.977292275933253, 0.9772326231977619, 0.9772043010752688, 0.9780129942773548, 0.9781851039111915, 0.9778427913780494, 0.9775271224384364, 0.9774908543146117, 0.9774966653758443, 0.9774966653758443, 0.977626710265898, 0.9102761811299593], "classification_report": "            precision    recall  f1-score   support\n\nNamaProduk       0.99      0.99      0.99      9732\nPenggunaan       0.96      0.96      0.96       226\n     Merek       0.98      0.98      0.98       191\n    Ukuran       0.92      0.91      0.92       369\n    Varian       0.92      0.92      0.92      1066\n   Tekstur       0.78      0.82      0.80        34\n       PAD       0.57      1.00      0.73         4\n\n micro avg       0.98      0.98      0.98     11622\n macro avg       0.98      0.98      0.98     11622\n"}, "testing": {"loss-values": [0.7133743885685416, 0.19099720939993858, 0.09706832895822384, 0.06454200713950045, 0.046902934719315344, 0.03429783491746468, 0.02678950736299157, 0.022425537333166337, 0.015623322297709392, 0.014567485003841711, 0.013025415133383563, 0.009084094271255547, 0.008886763387743165, 0.008014763828695697, 0.007430986080126946, 0.006956318458405268, 0.006319200147545952, 0.005323578990475439, 0.005379309263148838, 0.005148571679669926, 0.004838096933192848, 0.004738370882799192, 0.004173185700304149, 0.005004429804530981, 0.004069102666107938], "validation-loss": [0.27320186495780946, 0.13000021825234095, 0.10304229160149893, 0.10607153760890166, 0.11203048005700111, 0.09706570326040188, 0.10197035830157498, 0.10837040928502878, 0.11035501211881638, 0.11757600369552772, 0.11523568872362375, 0.12350408708055814, 0.12393952800581852, 0.13281749449670316, 0.13135367818176746, 0.1302313414712747, 0.13433287863930066, 0.12750721195091805, 0.12959682283302149, 0.13112794843812783, 0.1326676291724046, 0.1336594119668007, 0.13527572477857272, 0.13473224602639675, 0.13496521984537443, 0.5026264011859893], "validation-accuracy": [0.9327322055537823, 0.9620172358761571, 0.9697574210022343, 0.9753431216086818, 0.973507819980849, 0.9764602617299712, 0.9778965847430577, 0.977018831790616, 0.9774976061283115, 0.9763006702840727, 0.9764602617299712, 0.9750239387168848, 0.9771784232365145, 0.9767794446217682, 0.977018831790616, 0.9769390360676667, 0.9768592403447175, 0.9774178104053622, 0.97765719757421, 0.9772582189594637, 0.9768592403447175, 0.9769390360676667, 0.977018831790616, 0.9770986275135652, 0.9771784232365145, 0.9020822351080654], "validation-f1": [0.9312572186336998, 0.9600582840490272, 0.969187675070028, 0.9747069180229313, 0.9726681874919296, 0.9759010266764037, 0.9786629957842209, 0.9765342960288809, 0.9781944862586556, 0.9758823782296547, 0.9758321149049625, 0.9756244616709733, 0.9769902369790547, 0.9772805507745267, 0.977292275933253, 0.9772326231977619, 0.9772043010752688, 0.9780129942773548, 0.9781851039111915, 0.9778427913780494, 0.9775271224384364, 0.9774908543146117, 0.9774966653758443, 0.9774966653758443, 0.977626710265898, 0.9102761811299593], "classification_report": "            precision    recall  f1-score   support\n\nNamaProduk       0.94      0.93      0.94      5770\n    Varian       0.79      0.90      0.84       923\n    Ukuran       0.85      0.84      0.85       238\n     Merek       0.82      0.19      0.30       151\nPenggunaan       1.00      0.65      0.79        74\n   Tekstur       0.37      0.88      0.52         8\n\n micro avg       0.91      0.91      0.91      7164\n macro avg       0.92      0.91      0.91      7164\n"}}