{"training": {"loss-values": [0.9700639852706123, 0.2985467700397267, 0.13878784723141613, 0.0985645723036107, 0.07177280075848103, 0.052886263741289866, 0.043922886882415586, 0.03409121767617762, 0.030440914965070346, 0.025529400089426953, 0.02107980170095449, 0.01608026008505155, 0.01734558057368678, 0.01417376148267923, 0.014057398383396076, 0.011289471712456468, 0.010366933040238698, 0.009284277097322047, 0.009607125737923472, 0.009273265440510037, 0.008310876773012912, 0.008237231553614359, 0.007434771896120818, 0.00699053070617511, 0.00731710232246448], "validation-loss": [0.41740975578626, 0.1852523237466812, 0.13976521839698156, 0.12156172792116801, 0.13320595907668273, 0.11549008966734012, 0.12543043593565623, 0.13066058307886125, 0.11908134954671065, 0.12331855427473784, 0.1331147884950042, 0.12263668924570084, 0.12802264944960673, 0.13254190695782503, 0.13086633064473668, 0.1438524859646956, 0.13917333887269098, 0.1439427216226856, 0.13586157566557328, 0.14261941757674018, 0.14402712850521007, 0.14289808919032415, 0.14553743563592433, 0.1453960624523461, 0.14522481001913548, 0.5161477506160737], "validation-accuracy": [0.8903493894165536, 0.9543758480325645, 0.9623473541383989, 0.9709124830393487, 0.9692164179104478, 0.9735413839891451, 0.9747286295793759, 0.9752374491180461, 0.9791383989145184, 0.9771879240162822, 0.9780359565807327, 0.9763398914518318, 0.9784599728629579, 0.9781207598371777, 0.9776967435549525, 0.9771031207598372, 0.9777815468113975, 0.9776119402985075, 0.9770183175033921, 0.9779511533242876, 0.976679104477612, 0.9772727272727273, 0.9777815468113975, 0.9773575305291723, 0.9774423337856174, 0.9118996222342148], "validation-f1": [0.8914687305399875, 0.9543705824460946, 0.9623089678662662, 0.9707780566511294, 0.9689195855944746, 0.9738708808476251, 0.9753313862053472, 0.9753318980983137, 0.979375421253651, 0.9779814864743417, 0.9779454700624355, 0.9774821340284957, 0.9788666038497779, 0.9788093741582113, 0.9775523031336985, 0.9774084886593308, 0.9783907632867604, 0.977821675496094, 0.9776300422244182, 0.9782364819385237, 0.9772808908045977, 0.9776002154688692, 0.9781788793103448, 0.9775961926996812, 0.9778176919622811, 0.9174664107485605], "classification_report": "            precision    recall  f1-score   support\n\n    Varian       0.91      0.93      0.92       941\n    Ukuran       0.95      0.89      0.92       373\nNamaProduk       0.99      0.99      0.99      9360\nPenggunaan       0.96      0.98      0.97       218\n     Merek       0.96      0.98      0.97       191\n   Tekstur       0.85      0.85      0.85        34\n       PAD       0.67      1.00      0.80         4\n\n micro avg       0.98      0.98      0.98     11121\n macro avg       0.98      0.98      0.98     11121\n"}, "testing": {"loss-values": [0.9700639852706123, 0.2985467700397267, 0.13878784723141613, 0.0985645723036107, 0.07177280075848103, 0.052886263741289866, 0.043922886882415586, 0.03409121767617762, 0.030440914965070346, 0.025529400089426953, 0.02107980170095449, 0.01608026008505155, 0.01734558057368678, 0.01417376148267923, 0.014057398383396076, 0.011289471712456468, 0.010366933040238698, 0.009284277097322047, 0.009607125737923472, 0.009273265440510037, 0.008310876773012912, 0.008237231553614359, 0.007434771896120818, 0.00699053070617511, 0.00731710232246448], "validation-loss": [0.41740975578626, 0.1852523237466812, 0.13976521839698156, 0.12156172792116801, 0.13320595907668273, 0.11549008966734012, 0.12543043593565623, 0.13066058307886125, 0.11908134954671065, 0.12331855427473784, 0.1331147884950042, 0.12263668924570084, 0.12802264944960673, 0.13254190695782503, 0.13086633064473668, 0.1438524859646956, 0.13917333887269098, 0.1439427216226856, 0.13586157566557328, 0.14261941757674018, 0.14402712850521007, 0.14289808919032415, 0.14553743563592433, 0.1453960624523461, 0.14522481001913548, 0.5161477506160737], "validation-accuracy": [0.8903493894165536, 0.9543758480325645, 0.9623473541383989, 0.9709124830393487, 0.9692164179104478, 0.9735413839891451, 0.9747286295793759, 0.9752374491180461, 0.9791383989145184, 0.9771879240162822, 0.9780359565807327, 0.9763398914518318, 0.9784599728629579, 0.9781207598371777, 0.9776967435549525, 0.9771031207598372, 0.9777815468113975, 0.9776119402985075, 0.9770183175033921, 0.9779511533242876, 0.976679104477612, 0.9772727272727273, 0.9777815468113975, 0.9773575305291723, 0.9774423337856174, 0.9118996222342148], "validation-f1": [0.8914687305399875, 0.9543705824460946, 0.9623089678662662, 0.9707780566511294, 0.9689195855944746, 0.9738708808476251, 0.9753313862053472, 0.9753318980983137, 0.979375421253651, 0.9779814864743417, 0.9779454700624355, 0.9774821340284957, 0.9788666038497779, 0.9788093741582113, 0.9775523031336985, 0.9774084886593308, 0.9783907632867604, 0.977821675496094, 0.9776300422244182, 0.9782364819385237, 0.9772808908045977, 0.9776002154688692, 0.9781788793103448, 0.9775961926996812, 0.9778176919622811, 0.9174664107485605], "classification_report": "            precision    recall  f1-score   support\n\n    Varian       0.78      0.94      0.85       924\nNamaProduk       0.96      0.94      0.95      5606\n     Merek       0.71      0.31      0.43       153\n    Ukuran       0.85      0.77      0.81       289\n   Tekstur       0.50      0.75      0.60         8\nPenggunaan       0.91      0.71      0.79        85\n\n micro avg       0.92      0.91      0.92      7065\n macro avg       0.92      0.91      0.92      7065\n"}}