{"training": {"loss-values": [2.5078892135620117, 2.354385452270508, 2.2127789497375487, 2.0836184310913084, 1.964409694671631, 1.8592867422103883, 1.7660714292526245, 1.6816824245452882, 1.6086619234085082, 1.5385868167877197, 1.4817793893814086, 1.4328123664855956, 1.3860640621185303, 1.3465568590164185, 1.3153787136077881, 1.2867285442352294, 1.2596750783920287, 1.2397657203674317, 1.2211816644668578, 1.201050877571106, 1.1911911821365357, 1.1833913803100586, 1.1710380363464354, 1.1718969297409059, 1.1640711736679077], "validation-loss": [2.4118947332555596, 2.2633068561553955, 2.127133521166715, 2.003802028569308, 1.8922638242894954, 1.7919785651293667, 1.7025120366703381, 1.623243808746338, 1.5534524267370051, 1.491977420720187, 1.4380154501308093, 1.3908375718376853, 1.3497000390833074, 1.3140578378330579, 1.283156535842202, 1.2565684968774968, 1.2337462468580767, 1.2145184820348567, 1.1983411528847434, 1.1850546381690286, 1.1744392676786943, 1.1663806980306453, 1.160721031102267, 1.1573206294666638, 1.1561586965214123, 1.0763790011405945], "validation-accuracy": [0.26656556229584694, 0.48343443770415306, 0.6431404573028465, 0.7097526831544564, 0.7357676154923005, 0.7437004199720019, 0.7476668222118525, 0.7510499300046664, 0.7544330377974802, 0.7561829211385908, 0.7571161922538497, 0.7592160522631825, 0.7594493700419972, 0.7597993467102193, 0.7594493700419972, 0.7596826878208119, 0.7596826878208119, 0.7596826878208119, 0.7596826878208119, 0.7594493700419972, 0.7594493700419972, 0.7596826878208119, 0.7596826878208119, 0.7596826878208119, 0.7596826878208119, 0.7839626313740755], "validation-f1": [0.308834863028095, 0.5139243740419008, 0.6642421253775503, 0.7334311567620444, 0.7616371411117899, 0.7699731248473003, 0.7750091608647857, 0.7781169862010013, 0.7804074661461511, 0.7815377111151758, 0.7821317569626425, 0.7831435357164606, 0.7829580036518564, 0.7830108312036023, 0.7826457344529634, 0.782767433369843, 0.782767433369843, 0.782767433369843, 0.782767433369843, 0.7825240355360837, 0.7825240355360837, 0.782767433369843, 0.782767433369843, 0.782767433369843, 0.782767433369843, 0.8004817342432757], "classification_report": "            precision    recall  f1-score   support\n\n    Varian       0.25      0.00      0.01       726\nNamaProduk       0.76      0.98      0.86      6535\nPenggunaan       0.00      0.00      0.00       174\n     Merek       0.00      0.00      0.00       127\n    Ukuran       0.00      0.00      0.00       266\n   Tekstur       0.00      0.00      0.00        30\n       PAD       0.00      0.00      0.00         4\n\n micro avg       0.75      0.82      0.78      7862\n macro avg       0.65      0.82      0.71      7862\n"}, "testing": {"loss-values": [2.5078892135620117, 2.354385452270508, 2.2127789497375487, 2.0836184310913084, 1.964409694671631, 1.8592867422103883, 1.7660714292526245, 1.6816824245452882, 1.6086619234085082, 1.5385868167877197, 1.4817793893814086, 1.4328123664855956, 1.3860640621185303, 1.3465568590164185, 1.3153787136077881, 1.2867285442352294, 1.2596750783920287, 1.2397657203674317, 1.2211816644668578, 1.201050877571106, 1.1911911821365357, 1.1833913803100586, 1.1710380363464354, 1.1718969297409059, 1.1640711736679077], "validation-loss": [2.4118947332555596, 2.2633068561553955, 2.127133521166715, 2.003802028569308, 1.8922638242894954, 1.7919785651293667, 1.7025120366703381, 1.623243808746338, 1.5534524267370051, 1.491977420720187, 1.4380154501308093, 1.3908375718376853, 1.3497000390833074, 1.3140578378330579, 1.283156535842202, 1.2565684968774968, 1.2337462468580767, 1.2145184820348567, 1.1983411528847434, 1.1850546381690286, 1.1744392676786943, 1.1663806980306453, 1.160721031102267, 1.1573206294666638, 1.1561586965214123, 1.0763790011405945], "validation-accuracy": [0.26656556229584694, 0.48343443770415306, 0.6431404573028465, 0.7097526831544564, 0.7357676154923005, 0.7437004199720019, 0.7476668222118525, 0.7510499300046664, 0.7544330377974802, 0.7561829211385908, 0.7571161922538497, 0.7592160522631825, 0.7594493700419972, 0.7597993467102193, 0.7594493700419972, 0.7596826878208119, 0.7596826878208119, 0.7596826878208119, 0.7596826878208119, 0.7594493700419972, 0.7594493700419972, 0.7596826878208119, 0.7596826878208119, 0.7596826878208119, 0.7596826878208119, 0.7839626313740755], "validation-f1": [0.308834863028095, 0.5139243740419008, 0.6642421253775503, 0.7334311567620444, 0.7616371411117899, 0.7699731248473003, 0.7750091608647857, 0.7781169862010013, 0.7804074661461511, 0.7815377111151758, 0.7821317569626425, 0.7831435357164606, 0.7829580036518564, 0.7830108312036023, 0.7826457344529634, 0.782767433369843, 0.782767433369843, 0.782767433369843, 0.782767433369843, 0.7825240355360837, 0.7825240355360837, 0.782767433369843, 0.782767433369843, 0.782767433369843, 0.782767433369843, 0.8004817342432757], "classification_report": "            precision    recall  f1-score   support\n\nNamaProduk       0.79      0.98      0.88      2025\n    Varian       0.00      0.00      0.00       219\nPenggunaan       0.00      0.00      0.00        73\n    Ukuran       0.00      0.00      0.00        60\n     Merek       0.00      0.00      0.00        35\n   Tekstur       0.00      0.00      0.00         1\n\n micro avg       0.78      0.83      0.80      2413\n macro avg       0.66      0.83      0.73      2413\n"}}