{"training": {"loss-values": [1.0579848039150237, 0.361035418510437, 0.14375356256961822, 0.07936047650873661, 0.05550820250064135, 0.03595071312040091, 0.02899066898971796, 0.02222291534766555, 0.019913740120828152, 0.016402026619762183, 0.014366459921002389, 0.013107790686190128, 0.012965951627120376, 0.011444079903885723, 0.010849274257197975, 0.009911586064845324, 0.010117201283574104, 0.009098462667316199, 0.008372068754397333, 0.008836216353811323, 0.007360434182919562, 0.007484716130420566, 0.0078436898579821, 0.007093085143715143, 0.0074266345519572495], "validation-loss": [0.5474207076159391, 0.22103722122582523, 0.12305680763992397, 0.10252676430073651, 0.08059377494183453, 0.08205568409440192, 0.07206142592159184, 0.07423275992782279, 0.07771615260703997, 0.06718493265692484, 0.06767508017153225, 0.07288479948924347, 0.06942319169386545, 0.06885590302673253, 0.07170492136554624, 0.07370376794345, 0.07072571379301901, 0.07212404523637485, 0.07292220324531874, 0.07346213566647335, 0.07325368960895999, 0.07337729611688039, 0.0738920182603496, 0.07385687081312592, 0.07387950698929754, 0.15219280449673533], "validation-accuracy": [0.8492767148856742, 0.9431871208586095, 0.9696686887540831, 0.9722351843210453, 0.9781847876808213, 0.9825011665888941, 0.9834344377041531, 0.9840177321511899, 0.9841343910405973, 0.9868175454969669, 0.9874008399440037, 0.9851843210452637, 0.9864675688287448, 0.9868175454969669, 0.9860009332711153, 0.9851843210452637, 0.9861175921605226, 0.9863509099393374, 0.9865842277181521, 0.9868175454969669, 0.9864675688287448, 0.9868175454969669, 0.98623425104993, 0.98623425104993, 0.9863509099393374, 0.9587388088750487], "validation-f1": [0.85373940808056, 0.9366832901963259, 0.9659336468793694, 0.9717161421837178, 0.9774158661492461, 0.9816169454869282, 0.982895657150124, 0.983391664015272, 0.9833439287984743, 0.9865259946612432, 0.9873433823061756, 0.9841613128935819, 0.9865869938338314, 0.987216180118298, 0.9860713604273993, 0.9852473610581203, 0.9862003179650238, 0.9862003179650238, 0.9863936927772126, 0.9870311506675143, 0.9865208545269584, 0.9868395956513447, 0.9861393692777214, 0.9863292427036306, 0.9863292427036306, 0.960215499378367], "classification_report": "            precision    recall  f1-score   support\n\n     Merek       0.99      0.99      0.99       127\nNamaProduk       0.99      0.99      0.99      6535\n    Ukuran       0.95      0.94      0.95       266\n    Varian       0.96      0.97      0.96       726\nPenggunaan       0.98      0.99      0.99       174\n   Tekstur       0.73      0.80      0.76        30\n       PAD       0.67      1.00      0.80         4\n\n micro avg       0.99      0.99      0.99      7862\n macro avg       0.99      0.99      0.99      7862\n"}, "testing": {"loss-values": [1.0579848039150237, 0.361035418510437, 0.14375356256961822, 0.07936047650873661, 0.05550820250064135, 0.03595071312040091, 0.02899066898971796, 0.02222291534766555, 0.019913740120828152, 0.016402026619762183, 0.014366459921002389, 0.013107790686190128, 0.012965951627120376, 0.011444079903885723, 0.010849274257197975, 0.009911586064845324, 0.010117201283574104, 0.009098462667316199, 0.008372068754397333, 0.008836216353811323, 0.007360434182919562, 0.007484716130420566, 0.0078436898579821, 0.007093085143715143, 0.0074266345519572495], "validation-loss": [0.5474207076159391, 0.22103722122582523, 0.12305680763992397, 0.10252676430073651, 0.08059377494183453, 0.08205568409440192, 0.07206142592159184, 0.07423275992782279, 0.07771615260703997, 0.06718493265692484, 0.06767508017153225, 0.07288479948924347, 0.06942319169386545, 0.06885590302673253, 0.07170492136554624, 0.07370376794345, 0.07072571379301901, 0.07212404523637485, 0.07292220324531874, 0.07346213566647335, 0.07325368960895999, 0.07337729611688039, 0.0738920182603496, 0.07385687081312592, 0.07387950698929754, 0.15219280449673533], "validation-accuracy": [0.8492767148856742, 0.9431871208586095, 0.9696686887540831, 0.9722351843210453, 0.9781847876808213, 0.9825011665888941, 0.9834344377041531, 0.9840177321511899, 0.9841343910405973, 0.9868175454969669, 0.9874008399440037, 0.9851843210452637, 0.9864675688287448, 0.9868175454969669, 0.9860009332711153, 0.9851843210452637, 0.9861175921605226, 0.9863509099393374, 0.9865842277181521, 0.9868175454969669, 0.9864675688287448, 0.9868175454969669, 0.98623425104993, 0.98623425104993, 0.9863509099393374, 0.9587388088750487], "validation-f1": [0.85373940808056, 0.9366832901963259, 0.9659336468793694, 0.9717161421837178, 0.9774158661492461, 0.9816169454869282, 0.982895657150124, 0.983391664015272, 0.9833439287984743, 0.9865259946612432, 0.9873433823061756, 0.9841613128935819, 0.9865869938338314, 0.987216180118298, 0.9860713604273993, 0.9852473610581203, 0.9862003179650238, 0.9862003179650238, 0.9863936927772126, 0.9870311506675143, 0.9865208545269584, 0.9868395956513447, 0.9861393692777214, 0.9863292427036306, 0.9863292427036306, 0.960215499378367], "classification_report": "            precision    recall  f1-score   support\n\n     Merek       0.91      0.89      0.90        35\nNamaProduk       0.98      0.98      0.98      2025\n    Varian       0.91      0.91      0.91       219\nPenggunaan       0.97      0.93      0.95        73\n    Ukuran       0.66      0.62      0.64        60\n   Tekstur       0.25      1.00      0.40         1\n\n micro avg       0.96      0.96      0.96      2413\n macro avg       0.96      0.96      0.96      2413\n"}}