{"training": {"loss-values": [2.682194862365723, 2.5164388179779054, 2.3599924755096438, 2.2194769191741943, 2.0933299350738523, 1.9834270668029785, 1.8810549640655518, 1.80748122215271, 1.7252014350891114, 1.6786071252822876, 1.605158896446228, 1.5533415126800536, 1.4886141109466553, 1.4425189447402955, 1.4180437517166138, 1.3969235515594483, 1.3572806215286255, 1.347277569770813, 1.334124574661255, 1.301867823600769, 1.289276819229126, 1.2798083209991455, 1.2859286880493164, 1.2665254878997803, 1.2640588903427123], "validation-loss": [2.5996792966669258, 2.421074563806707, 2.257227962667292, 2.109294826334173, 1.9777494885704734, 1.8659162629734387, 1.7680948864329944, 1.6809900999069214, 1.6069730845364658, 1.546522693200545, 1.4919126684015447, 1.4352013306184248, 1.3860644427212803, 1.3460530151020398, 1.31356820193204, 1.2882109013470737, 1.2626980868252842, 1.2412285804748535, 1.2238943034952336, 1.2078440514477817, 1.196656801483848, 1.1884829022667625, 1.1831564578143032, 1.1793979406356812, 1.1781279065392234, 1.0981198847293854], "validation-accuracy": [0.09636024265048997, 0.23471768548763416, 0.4273215118992067, 0.5767615492300513, 0.6727718152123192, 0.7106859542697154, 0.733084461035931, 0.7424171721885208, 0.7454503033131125, 0.7474335044330378, 0.7475501633224452, 0.7486000933271115, 0.7489500699953336, 0.749066728884741, 0.7493000466635558, 0.7494167055529631, 0.7495333644423705, 0.7495333644423705, 0.75, 0.7501166588894074, 0.7503499766682221, 0.7504666355576295, 0.7506999533364442, 0.7505832944470369, 0.7505832944470369, 0.7757882444530946], "validation-f1": [0.10425490323841793, 0.2466201345658052, 0.44254744211754593, 0.5955913781522867, 0.6952868103763244, 0.7374764136587741, 0.7622466987159983, 0.7730315200194718, 0.7764390896921017, 0.7791164658634537, 0.779359863697213, 0.7804551539491298, 0.7813070463672873, 0.781428745284167, 0.7816721431179263, 0.781793842034806, 0.7819155409516855, 0.781793842034806, 0.7820372398685651, 0.7821589387854448, 0.7824023366192041, 0.7825240355360837, 0.7825240355360837, 0.7824023366192041, 0.7824023366192041, 0.8036932958651144], "classification_report": "            precision    recall  f1-score   support\n\nNamaProduk       0.75      0.98      0.85      6535\n     Merek       0.00      0.00      0.00       127\n    Ukuran       0.00      0.00      0.00       266\n    Varian       0.17      0.00      0.01       726\nPenggunaan       0.00      0.00      0.00       174\n   Tekstur       0.00      0.00      0.00        30\n       PAD       0.00      0.00      0.00         4\n\n micro avg       0.75      0.82      0.78      7862\n macro avg       0.64      0.82      0.71      7862\n"}, "testing": {"loss-values": [2.682194862365723, 2.5164388179779054, 2.3599924755096438, 2.2194769191741943, 2.0933299350738523, 1.9834270668029785, 1.8810549640655518, 1.80748122215271, 1.7252014350891114, 1.6786071252822876, 1.605158896446228, 1.5533415126800536, 1.4886141109466553, 1.4425189447402955, 1.4180437517166138, 1.3969235515594483, 1.3572806215286255, 1.347277569770813, 1.334124574661255, 1.301867823600769, 1.289276819229126, 1.2798083209991455, 1.2859286880493164, 1.2665254878997803, 1.2640588903427123], "validation-loss": [2.5996792966669258, 2.421074563806707, 2.257227962667292, 2.109294826334173, 1.9777494885704734, 1.8659162629734387, 1.7680948864329944, 1.6809900999069214, 1.6069730845364658, 1.546522693200545, 1.4919126684015447, 1.4352013306184248, 1.3860644427212803, 1.3460530151020398, 1.31356820193204, 1.2882109013470737, 1.2626980868252842, 1.2412285804748535, 1.2238943034952336, 1.2078440514477817, 1.196656801483848, 1.1884829022667625, 1.1831564578143032, 1.1793979406356812, 1.1781279065392234, 1.0981198847293854], "validation-accuracy": [0.09636024265048997, 0.23471768548763416, 0.4273215118992067, 0.5767615492300513, 0.6727718152123192, 0.7106859542697154, 0.733084461035931, 0.7424171721885208, 0.7454503033131125, 0.7474335044330378, 0.7475501633224452, 0.7486000933271115, 0.7489500699953336, 0.749066728884741, 0.7493000466635558, 0.7494167055529631, 0.7495333644423705, 0.7495333644423705, 0.75, 0.7501166588894074, 0.7503499766682221, 0.7504666355576295, 0.7506999533364442, 0.7505832944470369, 0.7505832944470369, 0.7757882444530946], "validation-f1": [0.10425490323841793, 0.2466201345658052, 0.44254744211754593, 0.5955913781522867, 0.6952868103763244, 0.7374764136587741, 0.7622466987159983, 0.7730315200194718, 0.7764390896921017, 0.7791164658634537, 0.779359863697213, 0.7804551539491298, 0.7813070463672873, 0.781428745284167, 0.7816721431179263, 0.781793842034806, 0.7819155409516855, 0.781793842034806, 0.7820372398685651, 0.7821589387854448, 0.7824023366192041, 0.7825240355360837, 0.7825240355360837, 0.7824023366192041, 0.7824023366192041, 0.8036932958651144], "classification_report": "            precision    recall  f1-score   support\n\nNamaProduk       0.78      0.99      0.87      2025\n    Varian       0.00      0.00      0.00       219\n    Ukuran       0.00      0.00      0.00        60\n     Merek       0.00      0.00      0.00        35\nPenggunaan       0.00      0.00      0.00        73\n   Tekstur       0.00      0.00      0.00         1\n\n micro avg       0.78      0.83      0.80      2413\n macro avg       0.66      0.83      0.73      2413\n"}}