{"training": {"loss-values": [0.8142912888526916, 0.2127261620759964, 0.0929054144024849, 0.05817482221871614, 0.040354148112237455, 0.03656663741916418, 0.024300657343119383, 0.019012136813253165, 0.01852576986886561, 0.018115799836814404, 0.012910680929198861, 0.010706204255111516, 0.0113529542228207, 0.010154589526355267, 0.011355007542297244, 0.009214901188388467, 0.009248123969882727, 0.00779957537073642, 0.007389837298542261, 0.007119658985175192, 0.0067377060232684015, 0.006609654775820673, 0.006375702577643096, 0.00540419460972771, 0.005309878410771489], "validation-loss": [0.33663844114000147, 0.12729121270504865, 0.0851450613276525, 0.07025899780406193, 0.055074150250716644, 0.053702844603156503, 0.051380613310770554, 0.04469240168956193, 0.05138208746740764, 0.04743723090822724, 0.0446935555241494, 0.04715280207297341, 0.04695955271282318, 0.04758648280138997, 0.05008096472275528, 0.050199859722686764, 0.04716490936169231, 0.0479541820876131, 0.048282824604856694, 0.04917980238943445, 0.048743750439660456, 0.04880858313779093, 0.049708167239176954, 0.05002156516473571, 0.050208166331603105, 0.1615996443433687], "validation-accuracy": [0.8966402239850677, 0.9662855809612693, 0.9783014465702287, 0.9844843677088194, 0.9882174521698553, 0.9879841343910406, 0.9896173588427438, 0.9910172655156323, 0.9899673355109659, 0.9905506299580028, 0.9917172188520765, 0.9917172188520765, 0.9905506299580028, 0.9900839944003733, 0.9907839477368175, 0.9907839477368175, 0.9914839010732618, 0.9918338777414839, 0.9917172188520765, 0.991250583294447, 0.9913672421838544, 0.9914839010732618, 0.9916005599626692, 0.9913672421838544, 0.9913672421838544, 0.9587388088750487], "validation-f1": [0.8892075565808342, 0.9634084578374271, 0.9765575232513696, 0.9840906198294516, 0.9875302201297875, 0.9883506270290916, 0.9896959674341688, 0.9911639438052253, 0.990066225165563, 0.9906458797327394, 0.9919247154574935, 0.9921139659119816, 0.9903332485372679, 0.9903295584679984, 0.9910930143784197, 0.9912224907772549, 0.9919206056364909, 0.9923673832845693, 0.9922391857506362, 0.9916671967432097, 0.9917944151135424, 0.9917944151135424, 0.9919847328244275, 0.9917944151135424, 0.9917944151135424, 0.9585062240663901], "classification_report": "            precision    recall  f1-score   support\n\n    Varian       0.98      0.98      0.98       726\nNamaProduk       1.00      0.99      0.99      6535\n    Ukuran       0.98      0.97      0.98       266\nPenggunaan       0.97      0.99      0.98       174\n     Merek       0.99      1.00      1.00       127\n   Tekstur       0.86      0.83      0.85        30\n       PAD       0.57      1.00      0.73         4\n\n micro avg       0.99      0.99      0.99      7862\n macro avg       0.99      0.99      0.99      7862\n"}, "testing": {"loss-values": [0.8142912888526916, 0.2127261620759964, 0.0929054144024849, 0.05817482221871614, 0.040354148112237455, 0.03656663741916418, 0.024300657343119383, 0.019012136813253165, 0.01852576986886561, 0.018115799836814404, 0.012910680929198861, 0.010706204255111516, 0.0113529542228207, 0.010154589526355267, 0.011355007542297244, 0.009214901188388467, 0.009248123969882727, 0.00779957537073642, 0.007389837298542261, 0.007119658985175192, 0.0067377060232684015, 0.006609654775820673, 0.006375702577643096, 0.00540419460972771, 0.005309878410771489], "validation-loss": [0.33663844114000147, 0.12729121270504865, 0.0851450613276525, 0.07025899780406193, 0.055074150250716644, 0.053702844603156503, 0.051380613310770554, 0.04469240168956193, 0.05138208746740764, 0.04743723090822724, 0.0446935555241494, 0.04715280207297341, 0.04695955271282318, 0.04758648280138997, 0.05008096472275528, 0.050199859722686764, 0.04716490936169231, 0.0479541820876131, 0.048282824604856694, 0.04917980238943445, 0.048743750439660456, 0.04880858313779093, 0.049708167239176954, 0.05002156516473571, 0.050208166331603105, 0.1615996443433687], "validation-accuracy": [0.8966402239850677, 0.9662855809612693, 0.9783014465702287, 0.9844843677088194, 0.9882174521698553, 0.9879841343910406, 0.9896173588427438, 0.9910172655156323, 0.9899673355109659, 0.9905506299580028, 0.9917172188520765, 0.9917172188520765, 0.9905506299580028, 0.9900839944003733, 0.9907839477368175, 0.9907839477368175, 0.9914839010732618, 0.9918338777414839, 0.9917172188520765, 0.991250583294447, 0.9913672421838544, 0.9914839010732618, 0.9916005599626692, 0.9913672421838544, 0.9913672421838544, 0.9587388088750487], "validation-f1": [0.8892075565808342, 0.9634084578374271, 0.9765575232513696, 0.9840906198294516, 0.9875302201297875, 0.9883506270290916, 0.9896959674341688, 0.9911639438052253, 0.990066225165563, 0.9906458797327394, 0.9919247154574935, 0.9921139659119816, 0.9903332485372679, 0.9903295584679984, 0.9910930143784197, 0.9912224907772549, 0.9919206056364909, 0.9923673832845693, 0.9922391857506362, 0.9916671967432097, 0.9917944151135424, 0.9917944151135424, 0.9919847328244275, 0.9917944151135424, 0.9917944151135424, 0.9585062240663901], "classification_report": "            precision    recall  f1-score   support\n\nNamaProduk       0.98      0.98      0.98      2025\nPenggunaan       0.95      1.00      0.97        73\n    Varian       0.85      0.88      0.86       219\n    Ukuran       0.77      0.57      0.65        60\n     Merek       0.97      0.91      0.94        35\n   Tekstur       0.33      1.00      0.50         1\n\n micro avg       0.96      0.96      0.96      2413\n macro avg       0.96      0.96      0.96      2413\n"}}