{"training": {"loss-values": [1.2191313481330872, 0.4352498292922974, 0.20869373381137848, 0.11191099107265473, 0.0678069045394659, 0.04925994426012039, 0.03665266297757626, 0.030667032934725284, 0.025803251042962074, 0.024316965378820898, 0.02217370180413127, 0.020007326612249018, 0.016953471954911946, 0.014043822567909956, 0.013163174921646714, 0.011574342893436552, 0.012482478320598601, 0.011185669386759401, 0.010663624834269286, 0.00976736741606146, 0.009292267286218703, 0.009288535648956896, 0.008250709515996277, 0.008319994676858187, 0.008330980315804482], "validation-loss": [0.5748001635074615, 0.26300588114695117, 0.12883418053388596, 0.08101069182157516, 0.05853913682089611, 0.051360437138514084, 0.04791565620425073, 0.0491229424845766, 0.042078846134245396, 0.04716535335914655, 0.049779161302880806, 0.03998195837167176, 0.042890125292945995, 0.04363801457326521, 0.046035881492901935, 0.044157243968749586, 0.04661396882412108, 0.0462411170063371, 0.04960632489316843, 0.0475769035348838, 0.04800889050503346, 0.04748159265992316, 0.04797910577194257, 0.048248063899915324, 0.04826231791891835, 0.08744763198774308], "validation-accuracy": [0.8456821026282854, 0.9260325406758448, 0.9709637046307885, 0.9803504380475595, 0.9856070087609512, 0.9876095118898623, 0.988360450563204, 0.9894868585732165, 0.9903629536921151, 0.9902377972465582, 0.9897371714643304, 0.9914893617021276, 0.9913642052565708, 0.9912390488110138, 0.9904881101376721, 0.9908635794743429, 0.9918648310387985, 0.9913642052565708, 0.9913642052565708, 0.9913642052565708, 0.9914893617021276, 0.9919899874843554, 0.9917396745932415, 0.9914893617021276, 0.9914893617021276, 0.977859778597786], "validation-f1": [0.8459054507879101, 0.9206744964241191, 0.9687437520826391, 0.9799373458641606, 0.9849969993998801, 0.9860037323380432, 0.9877910467676296, 0.9893978795759152, 0.9898020395920817, 0.9907351862960742, 0.9897456385670528, 0.9912046908315564, 0.9918049170497703, 0.9912707403211835, 0.9906043846205105, 0.9905320709427924, 0.9918049170497703, 0.9912707403211835, 0.991404011461318, 0.9910714285714285, 0.991203518592563, 0.9918016396720656, 0.9914028657114295, 0.991203518592563, 0.991203518592563, 0.9775183744055339], "classification_report": "            precision    recall  f1-score   support\n\n    Varian       0.97      0.98      0.98       630\nNamaProduk       1.00      1.00      1.00      6267\n     Merek       0.95      0.96      0.96       127\n    Ukuran       0.98      0.98      0.98       269\nPenggunaan       0.97      0.97      0.97       174\n   Tekstur       0.90      0.87      0.88        30\n       PAD       0.67      1.00      0.80         4\n\n micro avg       0.99      0.99      0.99      7501\n macro avg       0.99      0.99      0.99      7501\n"}, "testing": {"loss-values": [1.2191313481330872, 0.4352498292922974, 0.20869373381137848, 0.11191099107265473, 0.0678069045394659, 0.04925994426012039, 0.03665266297757626, 0.030667032934725284, 0.025803251042962074, 0.024316965378820898, 0.02217370180413127, 0.020007326612249018, 0.016953471954911946, 0.014043822567909956, 0.013163174921646714, 0.011574342893436552, 0.012482478320598601, 0.011185669386759401, 0.010663624834269286, 0.00976736741606146, 0.009292267286218703, 0.009288535648956896, 0.008250709515996277, 0.008319994676858187, 0.008330980315804482], "validation-loss": [0.5748001635074615, 0.26300588114695117, 0.12883418053388596, 0.08101069182157516, 0.05853913682089611, 0.051360437138514084, 0.04791565620425073, 0.0491229424845766, 0.042078846134245396, 0.04716535335914655, 0.049779161302880806, 0.03998195837167176, 0.042890125292945995, 0.04363801457326521, 0.046035881492901935, 0.044157243968749586, 0.04661396882412108, 0.0462411170063371, 0.04960632489316843, 0.0475769035348838, 0.04800889050503346, 0.04748159265992316, 0.04797910577194257, 0.048248063899915324, 0.04826231791891835, 0.08744763198774308], "validation-accuracy": [0.8456821026282854, 0.9260325406758448, 0.9709637046307885, 0.9803504380475595, 0.9856070087609512, 0.9876095118898623, 0.988360450563204, 0.9894868585732165, 0.9903629536921151, 0.9902377972465582, 0.9897371714643304, 0.9914893617021276, 0.9913642052565708, 0.9912390488110138, 0.9904881101376721, 0.9908635794743429, 0.9918648310387985, 0.9913642052565708, 0.9913642052565708, 0.9913642052565708, 0.9914893617021276, 0.9919899874843554, 0.9917396745932415, 0.9914893617021276, 0.9914893617021276, 0.977859778597786], "validation-f1": [0.8459054507879101, 0.9206744964241191, 0.9687437520826391, 0.9799373458641606, 0.9849969993998801, 0.9860037323380432, 0.9877910467676296, 0.9893978795759152, 0.9898020395920817, 0.9907351862960742, 0.9897456385670528, 0.9912046908315564, 0.9918049170497703, 0.9912707403211835, 0.9906043846205105, 0.9905320709427924, 0.9918049170497703, 0.9912707403211835, 0.991404011461318, 0.9910714285714285, 0.991203518592563, 0.9918016396720656, 0.9914028657114295, 0.991203518592563, 0.991203518592563, 0.9775183744055339], "classification_report": "            precision    recall  f1-score   support\n\n    Varian       0.91      0.96      0.94       211\nNamaProduk       0.99      0.99      0.99      1949\n    Ukuran       0.80      0.79      0.80        57\nPenggunaan       0.96      0.96      0.96        55\n     Merek       0.97      0.94      0.96        35\n   Tekstur       0.33      1.00      0.50         1\n\n micro avg       0.98      0.98      0.98      2308\n macro avg       0.98      0.98      0.98      2308\n"}}