{"training": {"loss-values": [3.13860728263855, 3.0775239086151123, 3.0181889438629153, 2.961107988357544, 2.911327714920044, 2.8561596870422363, 2.810243396759033, 2.766500196456909, 2.7207173442840578, 2.6887040328979492, 2.6512233924865725, 2.6190092372894287, 2.5901719665527345, 2.5579029750823974, 2.5368363094329833, 2.5064656829833982, 2.4927365970611572, 2.469329662322998, 2.459920310974121, 2.4407813358306885, 2.4312705516815187, 2.423681297302246, 2.418359594345093, 2.413928413391113, 2.406985158920288], "validation-loss": [3.1015643639998003, 3.044135960665616, 2.9898582155054267, 2.937889901074496, 2.8892530527981846, 2.843121745369651, 2.800603519786488, 2.7603312622417104, 2.7223041274330835, 2.6873777129433374, 2.6549207080494273, 2.624716433611783, 2.596915700218894, 2.5716138753024014, 2.5484936237335205, 2.5275882590900767, 2.5090181610801, 2.49269117008556, 2.4786429621956567, 2.466769586909901, 2.457043344324285, 2.4496297402815386, 2.4442274787209253, 2.4409902095794678, 2.4398715929551558, 2.4366002678871155], "validation-accuracy": [0.0, 0.0, 0.0, 0.0, 0.0, 0.0, 0.0, 0.0, 0.0, 0.0, 0.0003754693366708385, 0.0005006257822277847, 0.0006257822277847309, 0.002002503128911139, 0.0026282853566958696, 0.0038798498122653317, 0.006758448060075094, 0.00951188986232791, 0.013892365456821026, 0.01877346683354193, 0.023153942428035045, 0.026783479349186484, 0.029912390488110136, 0.03254067584480601, 0.033917396745932415, 0.04141041410414104], "validation-f1": [0, 0, 0, 0, 0, 0, 0, 0, 0, 0, 0.0007926023778071333, 0.0010566635847312112, 0.001320480654958405, 0.004218296862641708, 0.005005928072717692, 0.00762656147271532, 0.012847404299947561, 0.01645123384253819, 0.02337358784573432, 0.03225390272222939, 0.04103090139761508, 0.04798366513527311, 0.05393715812237629, 0.058592263792010144, 0.06105129829005699, 0.08055898068228526], "classification_report": "            precision    recall  f1-score   support\n\nNamaProduk       0.80      0.03      0.07      6267\n    Varian       0.22      0.04      0.07       630\n    Ukuran       0.00      0.00      0.00       269\n   Tekstur       0.00      0.00      0.00        30\nPenggunaan       0.00      0.00      0.00       174\n       PAD       0.00      0.00      0.00         4\n     Merek       0.00      0.00      0.00       127\n\n micro avg       0.61      0.03      0.06      7501\n macro avg       0.69      0.03      0.06      7501\n"}, "testing": {"loss-values": [3.13860728263855, 3.0775239086151123, 3.0181889438629153, 2.961107988357544, 2.911327714920044, 2.8561596870422363, 2.810243396759033, 2.766500196456909, 2.7207173442840578, 2.6887040328979492, 2.6512233924865725, 2.6190092372894287, 2.5901719665527345, 2.5579029750823974, 2.5368363094329833, 2.5064656829833982, 2.4927365970611572, 2.469329662322998, 2.459920310974121, 2.4407813358306885, 2.4312705516815187, 2.423681297302246, 2.418359594345093, 2.413928413391113, 2.406985158920288], "validation-loss": [3.1015643639998003, 3.044135960665616, 2.9898582155054267, 2.937889901074496, 2.8892530527981846, 2.843121745369651, 2.800603519786488, 2.7603312622417104, 2.7223041274330835, 2.6873777129433374, 2.6549207080494273, 2.624716433611783, 2.596915700218894, 2.5716138753024014, 2.5484936237335205, 2.5275882590900767, 2.5090181610801, 2.49269117008556, 2.4786429621956567, 2.466769586909901, 2.457043344324285, 2.4496297402815386, 2.4442274787209253, 2.4409902095794678, 2.4398715929551558, 2.4366002678871155], "validation-accuracy": [0.0, 0.0, 0.0, 0.0, 0.0, 0.0, 0.0, 0.0, 0.0, 0.0, 0.0003754693366708385, 0.0005006257822277847, 0.0006257822277847309, 0.002002503128911139, 0.0026282853566958696, 0.0038798498122653317, 0.006758448060075094, 0.00951188986232791, 0.013892365456821026, 0.01877346683354193, 0.023153942428035045, 0.026783479349186484, 0.029912390488110136, 0.03254067584480601, 0.033917396745932415, 0.04141041410414104], "validation-f1": [0, 0, 0, 0, 0, 0, 0, 0, 0, 0, 0.0007926023778071333, 0.0010566635847312112, 0.001320480654958405, 0.004218296862641708, 0.005005928072717692, 0.00762656147271532, 0.012847404299947561, 0.01645123384253819, 0.02337358784573432, 0.03225390272222939, 0.04103090139761508, 0.04798366513527311, 0.05393715812237629, 0.058592263792010144, 0.06105129829005699, 0.08055898068228526], "classification_report": "            precision    recall  f1-score   support\n\nNamaProduk       0.85      0.05      0.09      1949\n    Varian       0.50      0.04      0.07       211\n    Ukuran       0.00      0.00      0.00        57\nPenggunaan       0.00      0.00      0.00        55\n     Merek       0.25      0.03      0.05        35\n   Tekstur       0.00      0.00      0.00         1\n\n micro avg       0.78      0.04      0.08      2308\n macro avg       0.77      0.04      0.08      2308\n"}}